-- 
-- Daten für Tabelle `tax_class`
-- 

INSERT INTO `tax_class` (`tax_class_id`, `tax_class_title`, `tax_class_description`, `sort_order`, `last_modified`, `date_added`) VALUES (1, 'DE::Standardsatz||EN::Standard rate', '', 10, NULL, NOW());
INSERT INTO `tax_class` (`tax_class_id`, `tax_class_title`, `tax_class_description`, `sort_order`, `last_modified`, `date_added`) VALUES (2, 'DE::ermäßigter Satz 1||EN::reduced rate 1', '', 20, NULL, NOW());
INSERT INTO `tax_class` (`tax_class_id`, `tax_class_title`, `tax_class_description`, `sort_order`, `last_modified`, `date_added`) VALUES (3, 'DE::ermäßigter Satz 2||EN::reduced rate 2', '', 30, NULL, NOW());
INSERT INTO `tax_class` (`tax_class_id`, `tax_class_title`, `tax_class_description`, `sort_order`, `last_modified`, `date_added`) VALUES (4, 'DE::stark ermäßigter Satz||EN::highly reduced rate', '', 40, NULL, NOW());
INSERT INTO `tax_class` (`tax_class_id`, `tax_class_title`, `tax_class_description`, `sort_order`, `last_modified`, `date_added`) VALUES (5, 'DE::Zwischensatz||EN::Intermediate rate', '', 50, NULL, NOW());

-- 
-- Daten für Tabelle `geo_zones`
-- 

INSERT INTO `geo_zones` (`geo_zone_id`, `geo_zone_name`, `geo_zone_description`, `geo_zone_info`, `last_modified`, `date_added`) VALUES(5, 'DE::Steuerzone EU||EN::Tax zone EU', 'DE::Steuerzone für EU||EN::Tax zone for EU', '0', NULL, NOW());
INSERT INTO `geo_zones` (`geo_zone_id`, `geo_zone_name`, `geo_zone_description`, `geo_zone_info`, `last_modified`, `date_added`) VALUES(6, 'DE::Steuerzone Nicht-EU-Ausland||EN::Tax zone for non-EU countries', 'DE::Steuerzone für Nicht-EU-Ausland||EN::Tax zone for non-EU countries', '1', NULL, NOW());
INSERT INTO `geo_zones` (`geo_zone_id`, `geo_zone_name`, `geo_zone_description`, `geo_zone_info`, `last_modified`, `date_added`) VALUES(7, 'DE::Steuerzone B2B||EN::Tax zone B2B', 'DE::Steuerzone für B2B||EN::Tax zone for B2B', '0', NULL, NOW());

-- 
-- Daten für Tabelle `zones_to_geo_zones`
-- 

INSERT INTO `zones_to_geo_zones` (`association_id`, `zone_country_id`, `zone_id`, `geo_zone_id`, `last_modified`, `date_added`) VALUES (14, 14, 0, 5, NULL, NOW());
INSERT INTO `zones_to_geo_zones` (`association_id`, `zone_country_id`, `zone_id`, `geo_zone_id`, `last_modified`, `date_added`) VALUES (21, 21, 0, 5, NULL, NOW());
INSERT INTO `zones_to_geo_zones` (`association_id`, `zone_country_id`, `zone_id`, `geo_zone_id`, `last_modified`, `date_added`) VALUES (33, 33, 0, 5, NULL, NOW());
INSERT INTO `zones_to_geo_zones` (`association_id`, `zone_country_id`, `zone_id`, `geo_zone_id`, `last_modified`, `date_added`) VALUES (55, 55, 0, 5, NULL, NOW());
INSERT INTO `zones_to_geo_zones` (`association_id`, `zone_country_id`, `zone_id`, `geo_zone_id`, `last_modified`, `date_added`) VALUES (56, 56, 0, 5, NULL, NOW());
INSERT INTO `zones_to_geo_zones` (`association_id`, `zone_country_id`, `zone_id`, `geo_zone_id`, `last_modified`, `date_added`) VALUES (57, 57, 0, 5, NULL, NOW());
INSERT INTO `zones_to_geo_zones` (`association_id`, `zone_country_id`, `zone_id`, `geo_zone_id`, `last_modified`, `date_added`) VALUES (67, 67, 0, 5, NULL, NOW());
INSERT INTO `zones_to_geo_zones` (`association_id`, `zone_country_id`, `zone_id`, `geo_zone_id`, `last_modified`, `date_added`) VALUES (72, 72, 0, 5, NULL, NOW());
INSERT INTO `zones_to_geo_zones` (`association_id`, `zone_country_id`, `zone_id`, `geo_zone_id`, `last_modified`, `date_added`) VALUES (73, 73, 0, 5, NULL, NOW());
INSERT INTO `zones_to_geo_zones` (`association_id`, `zone_country_id`, `zone_id`, `geo_zone_id`, `last_modified`, `date_added`) VALUES (81, 81, 0, 5, NULL, NOW());
INSERT INTO `zones_to_geo_zones` (`association_id`, `zone_country_id`, `zone_id`, `geo_zone_id`, `last_modified`, `date_added`) VALUES (84, 84, 0, 5, NULL, NOW());
INSERT INTO `zones_to_geo_zones` (`association_id`, `zone_country_id`, `zone_id`, `geo_zone_id`, `last_modified`, `date_added`) VALUES (97, 97, 0, 5, NULL, NOW());
INSERT INTO `zones_to_geo_zones` (`association_id`, `zone_country_id`, `zone_id`, `geo_zone_id`, `last_modified`, `date_added`) VALUES (103, 103, 0, 5, NULL, NOW());
INSERT INTO `zones_to_geo_zones` (`association_id`, `zone_country_id`, `zone_id`, `geo_zone_id`, `last_modified`, `date_added`) VALUES (105, 105, 0, 5, NULL, NOW());
INSERT INTO `zones_to_geo_zones` (`association_id`, `zone_country_id`, `zone_id`, `geo_zone_id`, `last_modified`, `date_added`) VALUES (117, 117, 0, 5, NULL, NOW());
INSERT INTO `zones_to_geo_zones` (`association_id`, `zone_country_id`, `zone_id`, `geo_zone_id`, `last_modified`, `date_added`) VALUES (123, 123, 0, 5, NULL, NOW());
INSERT INTO `zones_to_geo_zones` (`association_id`, `zone_country_id`, `zone_id`, `geo_zone_id`, `last_modified`, `date_added`) VALUES (124, 124, 0, 5, NULL, NOW());
INSERT INTO `zones_to_geo_zones` (`association_id`, `zone_country_id`, `zone_id`, `geo_zone_id`, `last_modified`, `date_added`) VALUES (132, 132, 0, 5, NULL, NOW());
INSERT INTO `zones_to_geo_zones` (`association_id`, `zone_country_id`, `zone_id`, `geo_zone_id`, `last_modified`, `date_added`) VALUES (150, 150, 0, 5, NULL, NOW());
INSERT INTO `zones_to_geo_zones` (`association_id`, `zone_country_id`, `zone_id`, `geo_zone_id`, `last_modified`, `date_added`) VALUES (170, 170, 0, 5, NULL, NOW());
INSERT INTO `zones_to_geo_zones` (`association_id`, `zone_country_id`, `zone_id`, `geo_zone_id`, `last_modified`, `date_added`) VALUES (171, 171, 0, 5, NULL, NOW());
INSERT INTO `zones_to_geo_zones` (`association_id`, `zone_country_id`, `zone_id`, `geo_zone_id`, `last_modified`, `date_added`) VALUES (175, 175, 0, 5, NULL, NOW());
INSERT INTO `zones_to_geo_zones` (`association_id`, `zone_country_id`, `zone_id`, `geo_zone_id`, `last_modified`, `date_added`) VALUES (189, 189, 0, 5, NULL, NOW());
INSERT INTO `zones_to_geo_zones` (`association_id`, `zone_country_id`, `zone_id`, `geo_zone_id`, `last_modified`, `date_added`) VALUES (190, 190, 0, 5, NULL, NOW());
INSERT INTO `zones_to_geo_zones` (`association_id`, `zone_country_id`, `zone_id`, `geo_zone_id`, `last_modified`, `date_added`) VALUES (195, 195, 0, 5, NULL, NOW());
INSERT INTO `zones_to_geo_zones` (`association_id`, `zone_country_id`, `zone_id`, `geo_zone_id`, `last_modified`, `date_added`) VALUES (203, 203, 0, 5, NULL, NOW());
INSERT INTO `zones_to_geo_zones` (`association_id`, `zone_country_id`, `zone_id`, `geo_zone_id`, `last_modified`, `date_added`) VALUES (222, 222, 0, 6, NULL, NOW());
INSERT INTO `zones_to_geo_zones` (`association_id`, `zone_country_id`, `zone_id`, `geo_zone_id`, `last_modified`, `date_added`) VALUES (1, 1, 0, 6, NULL, NOW());
INSERT INTO `zones_to_geo_zones` (`association_id`, `zone_country_id`, `zone_id`, `geo_zone_id`, `last_modified`, `date_added`) VALUES (2, 2, 0, 6, NULL, NOW());
INSERT INTO `zones_to_geo_zones` (`association_id`, `zone_country_id`, `zone_id`, `geo_zone_id`, `last_modified`, `date_added`) VALUES (3, 3, 0, 6, NULL, NOW());
INSERT INTO `zones_to_geo_zones` (`association_id`, `zone_country_id`, `zone_id`, `geo_zone_id`, `last_modified`, `date_added`) VALUES (4, 4, 0, 6, NULL, NOW());
INSERT INTO `zones_to_geo_zones` (`association_id`, `zone_country_id`, `zone_id`, `geo_zone_id`, `last_modified`, `date_added`) VALUES (5, 5, 0, 6, NULL, NOW());
INSERT INTO `zones_to_geo_zones` (`association_id`, `zone_country_id`, `zone_id`, `geo_zone_id`, `last_modified`, `date_added`) VALUES (6, 6, 0, 6, NULL, NOW());
INSERT INTO `zones_to_geo_zones` (`association_id`, `zone_country_id`, `zone_id`, `geo_zone_id`, `last_modified`, `date_added`) VALUES (7, 7, 0, 6, NULL, NOW());
INSERT INTO `zones_to_geo_zones` (`association_id`, `zone_country_id`, `zone_id`, `geo_zone_id`, `last_modified`, `date_added`) VALUES (8, 8, 0, 6, NULL, NOW());
INSERT INTO `zones_to_geo_zones` (`association_id`, `zone_country_id`, `zone_id`, `geo_zone_id`, `last_modified`, `date_added`) VALUES (9, 9, 0, 6, NULL, NOW());
INSERT INTO `zones_to_geo_zones` (`association_id`, `zone_country_id`, `zone_id`, `geo_zone_id`, `last_modified`, `date_added`) VALUES (10, 10, 0, 6, NULL, NOW());
INSERT INTO `zones_to_geo_zones` (`association_id`, `zone_country_id`, `zone_id`, `geo_zone_id`, `last_modified`, `date_added`) VALUES (11, 11, 0, 6, NULL, NOW());
INSERT INTO `zones_to_geo_zones` (`association_id`, `zone_country_id`, `zone_id`, `geo_zone_id`, `last_modified`, `date_added`) VALUES (12, 12, 0, 6, NULL, NOW());
INSERT INTO `zones_to_geo_zones` (`association_id`, `zone_country_id`, `zone_id`, `geo_zone_id`, `last_modified`, `date_added`) VALUES (13, 13, 0, 6, NULL, NOW());
INSERT INTO `zones_to_geo_zones` (`association_id`, `zone_country_id`, `zone_id`, `geo_zone_id`, `last_modified`, `date_added`) VALUES (15, 15, 0, 6, NULL, NOW());
INSERT INTO `zones_to_geo_zones` (`association_id`, `zone_country_id`, `zone_id`, `geo_zone_id`, `last_modified`, `date_added`) VALUES (16, 16, 0, 6, NULL, NOW());
INSERT INTO `zones_to_geo_zones` (`association_id`, `zone_country_id`, `zone_id`, `geo_zone_id`, `last_modified`, `date_added`) VALUES (17, 17, 0, 6, NULL, NOW());
INSERT INTO `zones_to_geo_zones` (`association_id`, `zone_country_id`, `zone_id`, `geo_zone_id`, `last_modified`, `date_added`) VALUES (18, 18, 0, 6, NULL, NOW());
INSERT INTO `zones_to_geo_zones` (`association_id`, `zone_country_id`, `zone_id`, `geo_zone_id`, `last_modified`, `date_added`) VALUES (19, 19, 0, 6, NULL, NOW());
INSERT INTO `zones_to_geo_zones` (`association_id`, `zone_country_id`, `zone_id`, `geo_zone_id`, `last_modified`, `date_added`) VALUES (20, 20, 0, 6, NULL, NOW());
INSERT INTO `zones_to_geo_zones` (`association_id`, `zone_country_id`, `zone_id`, `geo_zone_id`, `last_modified`, `date_added`) VALUES (22, 22, 0, 6, NULL, NOW());
INSERT INTO `zones_to_geo_zones` (`association_id`, `zone_country_id`, `zone_id`, `geo_zone_id`, `last_modified`, `date_added`) VALUES (23, 23, 0, 6, NULL, NOW());
INSERT INTO `zones_to_geo_zones` (`association_id`, `zone_country_id`, `zone_id`, `geo_zone_id`, `last_modified`, `date_added`) VALUES (24, 24, 0, 6, NULL, NOW());
INSERT INTO `zones_to_geo_zones` (`association_id`, `zone_country_id`, `zone_id`, `geo_zone_id`, `last_modified`, `date_added`) VALUES (25, 25, 0, 6, NULL, NOW());
INSERT INTO `zones_to_geo_zones` (`association_id`, `zone_country_id`, `zone_id`, `geo_zone_id`, `last_modified`, `date_added`) VALUES (26, 26, 0, 6, NULL, NOW());
INSERT INTO `zones_to_geo_zones` (`association_id`, `zone_country_id`, `zone_id`, `geo_zone_id`, `last_modified`, `date_added`) VALUES (27, 27, 0, 6, NULL, NOW());
INSERT INTO `zones_to_geo_zones` (`association_id`, `zone_country_id`, `zone_id`, `geo_zone_id`, `last_modified`, `date_added`) VALUES (28, 28, 0, 6, NULL, NOW());
INSERT INTO `zones_to_geo_zones` (`association_id`, `zone_country_id`, `zone_id`, `geo_zone_id`, `last_modified`, `date_added`) VALUES (29, 29, 0, 6, NULL, NOW());
INSERT INTO `zones_to_geo_zones` (`association_id`, `zone_country_id`, `zone_id`, `geo_zone_id`, `last_modified`, `date_added`) VALUES (30, 30, 0, 6, NULL, NOW());
INSERT INTO `zones_to_geo_zones` (`association_id`, `zone_country_id`, `zone_id`, `geo_zone_id`, `last_modified`, `date_added`) VALUES (31, 31, 0, 6, NULL, NOW());
INSERT INTO `zones_to_geo_zones` (`association_id`, `zone_country_id`, `zone_id`, `geo_zone_id`, `last_modified`, `date_added`) VALUES (32, 32, 0, 6, NULL, NOW());
INSERT INTO `zones_to_geo_zones` (`association_id`, `zone_country_id`, `zone_id`, `geo_zone_id`, `last_modified`, `date_added`) VALUES (34, 34, 0, 6, NULL, NOW());
INSERT INTO `zones_to_geo_zones` (`association_id`, `zone_country_id`, `zone_id`, `geo_zone_id`, `last_modified`, `date_added`) VALUES (35, 35, 0, 6, NULL, NOW());
INSERT INTO `zones_to_geo_zones` (`association_id`, `zone_country_id`, `zone_id`, `geo_zone_id`, `last_modified`, `date_added`) VALUES (36, 36, 0, 6, NULL, NOW());
INSERT INTO `zones_to_geo_zones` (`association_id`, `zone_country_id`, `zone_id`, `geo_zone_id`, `last_modified`, `date_added`) VALUES (37, 37, 0, 6, NULL, NOW());
INSERT INTO `zones_to_geo_zones` (`association_id`, `zone_country_id`, `zone_id`, `geo_zone_id`, `last_modified`, `date_added`) VALUES (38, 38, 0, 6, NULL, NOW());
INSERT INTO `zones_to_geo_zones` (`association_id`, `zone_country_id`, `zone_id`, `geo_zone_id`, `last_modified`, `date_added`) VALUES (39, 39, 0, 6, NULL, NOW());
INSERT INTO `zones_to_geo_zones` (`association_id`, `zone_country_id`, `zone_id`, `geo_zone_id`, `last_modified`, `date_added`) VALUES (40, 40, 0, 6, NULL, NOW());
INSERT INTO `zones_to_geo_zones` (`association_id`, `zone_country_id`, `zone_id`, `geo_zone_id`, `last_modified`, `date_added`) VALUES (41, 41, 0, 6, NULL, NOW());
INSERT INTO `zones_to_geo_zones` (`association_id`, `zone_country_id`, `zone_id`, `geo_zone_id`, `last_modified`, `date_added`) VALUES (42, 42, 0, 6, NULL, NOW());
INSERT INTO `zones_to_geo_zones` (`association_id`, `zone_country_id`, `zone_id`, `geo_zone_id`, `last_modified`, `date_added`) VALUES (43, 43, 0, 6, NULL, NOW());
INSERT INTO `zones_to_geo_zones` (`association_id`, `zone_country_id`, `zone_id`, `geo_zone_id`, `last_modified`, `date_added`) VALUES (44, 44, 0, 6, NULL, NOW());
INSERT INTO `zones_to_geo_zones` (`association_id`, `zone_country_id`, `zone_id`, `geo_zone_id`, `last_modified`, `date_added`) VALUES (45, 45, 0, 6, NULL, NOW());
INSERT INTO `zones_to_geo_zones` (`association_id`, `zone_country_id`, `zone_id`, `geo_zone_id`, `last_modified`, `date_added`) VALUES (46, 46, 0, 6, NULL, NOW());
INSERT INTO `zones_to_geo_zones` (`association_id`, `zone_country_id`, `zone_id`, `geo_zone_id`, `last_modified`, `date_added`) VALUES (47, 47, 0, 6, NULL, NOW());
INSERT INTO `zones_to_geo_zones` (`association_id`, `zone_country_id`, `zone_id`, `geo_zone_id`, `last_modified`, `date_added`) VALUES (48, 48, 0, 6, NULL, NOW());
INSERT INTO `zones_to_geo_zones` (`association_id`, `zone_country_id`, `zone_id`, `geo_zone_id`, `last_modified`, `date_added`) VALUES (49, 49, 0, 6, NULL, NOW());
INSERT INTO `zones_to_geo_zones` (`association_id`, `zone_country_id`, `zone_id`, `geo_zone_id`, `last_modified`, `date_added`) VALUES (50, 50, 0, 6, NULL, NOW());
INSERT INTO `zones_to_geo_zones` (`association_id`, `zone_country_id`, `zone_id`, `geo_zone_id`, `last_modified`, `date_added`) VALUES (51, 51, 0, 6, NULL, NOW());
INSERT INTO `zones_to_geo_zones` (`association_id`, `zone_country_id`, `zone_id`, `geo_zone_id`, `last_modified`, `date_added`) VALUES (52, 52, 0, 6, NULL, NOW());
INSERT INTO `zones_to_geo_zones` (`association_id`, `zone_country_id`, `zone_id`, `geo_zone_id`, `last_modified`, `date_added`) VALUES (53, 53, 0, 5, NULL, NOW());
INSERT INTO `zones_to_geo_zones` (`association_id`, `zone_country_id`, `zone_id`, `geo_zone_id`, `last_modified`, `date_added`) VALUES (54, 54, 0, 6, NULL, NOW());
INSERT INTO `zones_to_geo_zones` (`association_id`, `zone_country_id`, `zone_id`, `geo_zone_id`, `last_modified`, `date_added`) VALUES (58, 58, 0, 6, NULL, NOW());
INSERT INTO `zones_to_geo_zones` (`association_id`, `zone_country_id`, `zone_id`, `geo_zone_id`, `last_modified`, `date_added`) VALUES (59, 59, 0, 6, NULL, NOW());
INSERT INTO `zones_to_geo_zones` (`association_id`, `zone_country_id`, `zone_id`, `geo_zone_id`, `last_modified`, `date_added`) VALUES (60, 60, 0, 6, NULL, NOW());
INSERT INTO `zones_to_geo_zones` (`association_id`, `zone_country_id`, `zone_id`, `geo_zone_id`, `last_modified`, `date_added`) VALUES (61, 61, 0, 6, NULL, NOW());
INSERT INTO `zones_to_geo_zones` (`association_id`, `zone_country_id`, `zone_id`, `geo_zone_id`, `last_modified`, `date_added`) VALUES (62, 62, 0, 6, NULL, NOW());
INSERT INTO `zones_to_geo_zones` (`association_id`, `zone_country_id`, `zone_id`, `geo_zone_id`, `last_modified`, `date_added`) VALUES (63, 63, 0, 6, NULL, NOW());
INSERT INTO `zones_to_geo_zones` (`association_id`, `zone_country_id`, `zone_id`, `geo_zone_id`, `last_modified`, `date_added`) VALUES (64, 64, 0, 6, NULL, NOW());
INSERT INTO `zones_to_geo_zones` (`association_id`, `zone_country_id`, `zone_id`, `geo_zone_id`, `last_modified`, `date_added`) VALUES (65, 65, 0, 6, NULL, NOW());
INSERT INTO `zones_to_geo_zones` (`association_id`, `zone_country_id`, `zone_id`, `geo_zone_id`, `last_modified`, `date_added`) VALUES (66, 66, 0, 6, NULL, NOW());
INSERT INTO `zones_to_geo_zones` (`association_id`, `zone_country_id`, `zone_id`, `geo_zone_id`, `last_modified`, `date_added`) VALUES (68, 68, 0, 6, NULL, NOW());
INSERT INTO `zones_to_geo_zones` (`association_id`, `zone_country_id`, `zone_id`, `geo_zone_id`, `last_modified`, `date_added`) VALUES (69, 69, 0, 6, NULL, NOW());
INSERT INTO `zones_to_geo_zones` (`association_id`, `zone_country_id`, `zone_id`, `geo_zone_id`, `last_modified`, `date_added`) VALUES (70, 70, 0, 6, NULL, NOW());
INSERT INTO `zones_to_geo_zones` (`association_id`, `zone_country_id`, `zone_id`, `geo_zone_id`, `last_modified`, `date_added`) VALUES (71, 71, 0, 6, NULL, NOW());
#INSERT INTO `zones_to_geo_zones` (`association_id`, `zone_country_id`, `zone_id`, `geo_zone_id`, `last_modified`, `date_added`) VALUES (74, 74, 0, 6, NULL, NOW());
INSERT INTO `zones_to_geo_zones` (`association_id`, `zone_country_id`, `zone_id`, `geo_zone_id`, `last_modified`, `date_added`) VALUES (75, 75, 0, 6, NULL, NOW());
INSERT INTO `zones_to_geo_zones` (`association_id`, `zone_country_id`, `zone_id`, `geo_zone_id`, `last_modified`, `date_added`) VALUES (76, 76, 0, 6, NULL, NOW());
INSERT INTO `zones_to_geo_zones` (`association_id`, `zone_country_id`, `zone_id`, `geo_zone_id`, `last_modified`, `date_added`) VALUES (77, 77, 0, 6, NULL, NOW());
INSERT INTO `zones_to_geo_zones` (`association_id`, `zone_country_id`, `zone_id`, `geo_zone_id`, `last_modified`, `date_added`) VALUES (78, 78, 0, 6, NULL, NOW());
INSERT INTO `zones_to_geo_zones` (`association_id`, `zone_country_id`, `zone_id`, `geo_zone_id`, `last_modified`, `date_added`) VALUES (79, 79, 0, 6, NULL, NOW());
INSERT INTO `zones_to_geo_zones` (`association_id`, `zone_country_id`, `zone_id`, `geo_zone_id`, `last_modified`, `date_added`) VALUES (80, 80, 0, 6, NULL, NOW());
INSERT INTO `zones_to_geo_zones` (`association_id`, `zone_country_id`, `zone_id`, `geo_zone_id`, `last_modified`, `date_added`) VALUES (82, 82, 0, 6, NULL, NOW());
INSERT INTO `zones_to_geo_zones` (`association_id`, `zone_country_id`, `zone_id`, `geo_zone_id`, `last_modified`, `date_added`) VALUES (83, 83, 0, 6, NULL, NOW());
INSERT INTO `zones_to_geo_zones` (`association_id`, `zone_country_id`, `zone_id`, `geo_zone_id`, `last_modified`, `date_added`) VALUES (85, 85, 0, 6, NULL, NOW());
INSERT INTO `zones_to_geo_zones` (`association_id`, `zone_country_id`, `zone_id`, `geo_zone_id`, `last_modified`, `date_added`) VALUES (86, 86, 0, 6, NULL, NOW());
INSERT INTO `zones_to_geo_zones` (`association_id`, `zone_country_id`, `zone_id`, `geo_zone_id`, `last_modified`, `date_added`) VALUES (87, 87, 0, 6, NULL, NOW());
INSERT INTO `zones_to_geo_zones` (`association_id`, `zone_country_id`, `zone_id`, `geo_zone_id`, `last_modified`, `date_added`) VALUES (88, 88, 0, 6, NULL, NOW());
INSERT INTO `zones_to_geo_zones` (`association_id`, `zone_country_id`, `zone_id`, `geo_zone_id`, `last_modified`, `date_added`) VALUES (89, 89, 0, 6, NULL, NOW());
INSERT INTO `zones_to_geo_zones` (`association_id`, `zone_country_id`, `zone_id`, `geo_zone_id`, `last_modified`, `date_added`) VALUES (90, 90, 0, 6, NULL, NOW());
INSERT INTO `zones_to_geo_zones` (`association_id`, `zone_country_id`, `zone_id`, `geo_zone_id`, `last_modified`, `date_added`) VALUES (91, 91, 0, 6, NULL, NOW());
INSERT INTO `zones_to_geo_zones` (`association_id`, `zone_country_id`, `zone_id`, `geo_zone_id`, `last_modified`, `date_added`) VALUES (92, 92, 0, 6, NULL, NOW());
INSERT INTO `zones_to_geo_zones` (`association_id`, `zone_country_id`, `zone_id`, `geo_zone_id`, `last_modified`, `date_added`) VALUES (93, 93, 0, 6, NULL, NOW());
INSERT INTO `zones_to_geo_zones` (`association_id`, `zone_country_id`, `zone_id`, `geo_zone_id`, `last_modified`, `date_added`) VALUES (94, 94, 0, 6, NULL, NOW());
INSERT INTO `zones_to_geo_zones` (`association_id`, `zone_country_id`, `zone_id`, `geo_zone_id`, `last_modified`, `date_added`) VALUES (95, 95, 0, 6, NULL, NOW());
INSERT INTO `zones_to_geo_zones` (`association_id`, `zone_country_id`, `zone_id`, `geo_zone_id`, `last_modified`, `date_added`) VALUES (96, 96, 0, 6, NULL, NOW());
INSERT INTO `zones_to_geo_zones` (`association_id`, `zone_country_id`, `zone_id`, `geo_zone_id`, `last_modified`, `date_added`) VALUES (98, 98, 0, 6, NULL, NOW());
INSERT INTO `zones_to_geo_zones` (`association_id`, `zone_country_id`, `zone_id`, `geo_zone_id`, `last_modified`, `date_added`) VALUES (99, 99, 0, 6, NULL, NOW());
INSERT INTO `zones_to_geo_zones` (`association_id`, `zone_country_id`, `zone_id`, `geo_zone_id`, `last_modified`, `date_added`) VALUES (100, 100, 0, 6, NULL, NOW());
INSERT INTO `zones_to_geo_zones` (`association_id`, `zone_country_id`, `zone_id`, `geo_zone_id`, `last_modified`, `date_added`) VALUES (101, 101, 0, 6, NULL, NOW());
INSERT INTO `zones_to_geo_zones` (`association_id`, `zone_country_id`, `zone_id`, `geo_zone_id`, `last_modified`, `date_added`) VALUES (102, 102, 0, 6, NULL, NOW());
INSERT INTO `zones_to_geo_zones` (`association_id`, `zone_country_id`, `zone_id`, `geo_zone_id`, `last_modified`, `date_added`) VALUES (104, 104, 0, 6, NULL, NOW());
INSERT INTO `zones_to_geo_zones` (`association_id`, `zone_country_id`, `zone_id`, `geo_zone_id`, `last_modified`, `date_added`) VALUES (106, 106, 0, 6, NULL, NOW());
INSERT INTO `zones_to_geo_zones` (`association_id`, `zone_country_id`, `zone_id`, `geo_zone_id`, `last_modified`, `date_added`) VALUES (107, 107, 0, 6, NULL, NOW());
INSERT INTO `zones_to_geo_zones` (`association_id`, `zone_country_id`, `zone_id`, `geo_zone_id`, `last_modified`, `date_added`) VALUES (108, 108, 0, 6, NULL, NOW());
INSERT INTO `zones_to_geo_zones` (`association_id`, `zone_country_id`, `zone_id`, `geo_zone_id`, `last_modified`, `date_added`) VALUES (109, 109, 0, 6, NULL, NOW());
INSERT INTO `zones_to_geo_zones` (`association_id`, `zone_country_id`, `zone_id`, `geo_zone_id`, `last_modified`, `date_added`) VALUES (110, 110, 0, 6, NULL, NOW());
INSERT INTO `zones_to_geo_zones` (`association_id`, `zone_country_id`, `zone_id`, `geo_zone_id`, `last_modified`, `date_added`) VALUES (111, 111, 0, 6, NULL, NOW());
INSERT INTO `zones_to_geo_zones` (`association_id`, `zone_country_id`, `zone_id`, `geo_zone_id`, `last_modified`, `date_added`) VALUES (112, 112, 0, 6, NULL, NOW());
INSERT INTO `zones_to_geo_zones` (`association_id`, `zone_country_id`, `zone_id`, `geo_zone_id`, `last_modified`, `date_added`) VALUES (113, 113, 0, 6, NULL, NOW());
INSERT INTO `zones_to_geo_zones` (`association_id`, `zone_country_id`, `zone_id`, `geo_zone_id`, `last_modified`, `date_added`) VALUES (114, 114, 0, 6, NULL, NOW());
INSERT INTO `zones_to_geo_zones` (`association_id`, `zone_country_id`, `zone_id`, `geo_zone_id`, `last_modified`, `date_added`) VALUES (115, 115, 0, 6, NULL, NOW());
INSERT INTO `zones_to_geo_zones` (`association_id`, `zone_country_id`, `zone_id`, `geo_zone_id`, `last_modified`, `date_added`) VALUES (116, 116, 0, 6, NULL, NOW());
INSERT INTO `zones_to_geo_zones` (`association_id`, `zone_country_id`, `zone_id`, `geo_zone_id`, `last_modified`, `date_added`) VALUES (118, 118, 0, 6, NULL, NOW());
INSERT INTO `zones_to_geo_zones` (`association_id`, `zone_country_id`, `zone_id`, `geo_zone_id`, `last_modified`, `date_added`) VALUES (119, 119, 0, 6, NULL, NOW());
INSERT INTO `zones_to_geo_zones` (`association_id`, `zone_country_id`, `zone_id`, `geo_zone_id`, `last_modified`, `date_added`) VALUES (120, 120, 0, 6, NULL, NOW());
INSERT INTO `zones_to_geo_zones` (`association_id`, `zone_country_id`, `zone_id`, `geo_zone_id`, `last_modified`, `date_added`) VALUES (121, 121, 0, 6, NULL, NOW());
INSERT INTO `zones_to_geo_zones` (`association_id`, `zone_country_id`, `zone_id`, `geo_zone_id`, `last_modified`, `date_added`) VALUES (122, 122, 0, 6, NULL, NOW());
INSERT INTO `zones_to_geo_zones` (`association_id`, `zone_country_id`, `zone_id`, `geo_zone_id`, `last_modified`, `date_added`) VALUES (125, 125, 0, 6, NULL, NOW());
INSERT INTO `zones_to_geo_zones` (`association_id`, `zone_country_id`, `zone_id`, `geo_zone_id`, `last_modified`, `date_added`) VALUES (126, 126, 0, 6, NULL, NOW());
INSERT INTO `zones_to_geo_zones` (`association_id`, `zone_country_id`, `zone_id`, `geo_zone_id`, `last_modified`, `date_added`) VALUES (127, 127, 0, 6, NULL, NOW());
INSERT INTO `zones_to_geo_zones` (`association_id`, `zone_country_id`, `zone_id`, `geo_zone_id`, `last_modified`, `date_added`) VALUES (128, 128, 0, 6, NULL, NOW());
INSERT INTO `zones_to_geo_zones` (`association_id`, `zone_country_id`, `zone_id`, `geo_zone_id`, `last_modified`, `date_added`) VALUES (129, 129, 0, 6, NULL, NOW());
INSERT INTO `zones_to_geo_zones` (`association_id`, `zone_country_id`, `zone_id`, `geo_zone_id`, `last_modified`, `date_added`) VALUES (130, 130, 0, 6, NULL, NOW());
INSERT INTO `zones_to_geo_zones` (`association_id`, `zone_country_id`, `zone_id`, `geo_zone_id`, `last_modified`, `date_added`) VALUES (131, 131, 0, 6, NULL, NOW());
INSERT INTO `zones_to_geo_zones` (`association_id`, `zone_country_id`, `zone_id`, `geo_zone_id`, `last_modified`, `date_added`) VALUES (133, 133, 0, 6, NULL, NOW());
INSERT INTO `zones_to_geo_zones` (`association_id`, `zone_country_id`, `zone_id`, `geo_zone_id`, `last_modified`, `date_added`) VALUES (134, 134, 0, 6, NULL, NOW());
INSERT INTO `zones_to_geo_zones` (`association_id`, `zone_country_id`, `zone_id`, `geo_zone_id`, `last_modified`, `date_added`) VALUES (135, 135, 0, 6, NULL, NOW());
INSERT INTO `zones_to_geo_zones` (`association_id`, `zone_country_id`, `zone_id`, `geo_zone_id`, `last_modified`, `date_added`) VALUES (136, 136, 0, 6, NULL, NOW());
INSERT INTO `zones_to_geo_zones` (`association_id`, `zone_country_id`, `zone_id`, `geo_zone_id`, `last_modified`, `date_added`) VALUES (137, 137, 0, 6, NULL, NOW());
INSERT INTO `zones_to_geo_zones` (`association_id`, `zone_country_id`, `zone_id`, `geo_zone_id`, `last_modified`, `date_added`) VALUES (138, 138, 0, 6, NULL, NOW());
INSERT INTO `zones_to_geo_zones` (`association_id`, `zone_country_id`, `zone_id`, `geo_zone_id`, `last_modified`, `date_added`) VALUES (139, 139, 0, 6, NULL, NOW());
INSERT INTO `zones_to_geo_zones` (`association_id`, `zone_country_id`, `zone_id`, `geo_zone_id`, `last_modified`, `date_added`) VALUES (140, 140, 0, 6, NULL, NOW());
INSERT INTO `zones_to_geo_zones` (`association_id`, `zone_country_id`, `zone_id`, `geo_zone_id`, `last_modified`, `date_added`) VALUES (141, 141, 0, 5, NULL, NOW());
INSERT INTO `zones_to_geo_zones` (`association_id`, `zone_country_id`, `zone_id`, `geo_zone_id`, `last_modified`, `date_added`) VALUES (142, 142, 0, 6, NULL, NOW());
INSERT INTO `zones_to_geo_zones` (`association_id`, `zone_country_id`, `zone_id`, `geo_zone_id`, `last_modified`, `date_added`) VALUES (143, 143, 0, 6, NULL, NOW());
INSERT INTO `zones_to_geo_zones` (`association_id`, `zone_country_id`, `zone_id`, `geo_zone_id`, `last_modified`, `date_added`) VALUES (144, 144, 0, 6, NULL, NOW());
INSERT INTO `zones_to_geo_zones` (`association_id`, `zone_country_id`, `zone_id`, `geo_zone_id`, `last_modified`, `date_added`) VALUES (145, 145, 0, 6, NULL, NOW());
INSERT INTO `zones_to_geo_zones` (`association_id`, `zone_country_id`, `zone_id`, `geo_zone_id`, `last_modified`, `date_added`) VALUES (146, 146, 0, 6, NULL, NOW());
INSERT INTO `zones_to_geo_zones` (`association_id`, `zone_country_id`, `zone_id`, `geo_zone_id`, `last_modified`, `date_added`) VALUES (147, 147, 0, 6, NULL, NOW());
INSERT INTO `zones_to_geo_zones` (`association_id`, `zone_country_id`, `zone_id`, `geo_zone_id`, `last_modified`, `date_added`) VALUES (148, 148, 0, 6, NULL, NOW());
INSERT INTO `zones_to_geo_zones` (`association_id`, `zone_country_id`, `zone_id`, `geo_zone_id`, `last_modified`, `date_added`) VALUES (149, 149, 0, 6, NULL, NOW());
INSERT INTO `zones_to_geo_zones` (`association_id`, `zone_country_id`, `zone_id`, `geo_zone_id`, `last_modified`, `date_added`) VALUES (151, 151, 0, 6, NULL, NOW());
INSERT INTO `zones_to_geo_zones` (`association_id`, `zone_country_id`, `zone_id`, `geo_zone_id`, `last_modified`, `date_added`) VALUES (152, 152, 0, 6, NULL, NOW());
INSERT INTO `zones_to_geo_zones` (`association_id`, `zone_country_id`, `zone_id`, `geo_zone_id`, `last_modified`, `date_added`) VALUES (153, 153, 0, 6, NULL, NOW());
INSERT INTO `zones_to_geo_zones` (`association_id`, `zone_country_id`, `zone_id`, `geo_zone_id`, `last_modified`, `date_added`) VALUES (154, 154, 0, 6, NULL, NOW());
INSERT INTO `zones_to_geo_zones` (`association_id`, `zone_country_id`, `zone_id`, `geo_zone_id`, `last_modified`, `date_added`) VALUES (155, 155, 0, 6, NULL, NOW());
INSERT INTO `zones_to_geo_zones` (`association_id`, `zone_country_id`, `zone_id`, `geo_zone_id`, `last_modified`, `date_added`) VALUES (156, 156, 0, 6, NULL, NOW());
INSERT INTO `zones_to_geo_zones` (`association_id`, `zone_country_id`, `zone_id`, `geo_zone_id`, `last_modified`, `date_added`) VALUES (157, 157, 0, 6, NULL, NOW());
INSERT INTO `zones_to_geo_zones` (`association_id`, `zone_country_id`, `zone_id`, `geo_zone_id`, `last_modified`, `date_added`) VALUES (158, 158, 0, 6, NULL, NOW());
INSERT INTO `zones_to_geo_zones` (`association_id`, `zone_country_id`, `zone_id`, `geo_zone_id`, `last_modified`, `date_added`) VALUES (159, 159, 0, 6, NULL, NOW());
INSERT INTO `zones_to_geo_zones` (`association_id`, `zone_country_id`, `zone_id`, `geo_zone_id`, `last_modified`, `date_added`) VALUES (160, 160, 0, 6, NULL, NOW());
INSERT INTO `zones_to_geo_zones` (`association_id`, `zone_country_id`, `zone_id`, `geo_zone_id`, `last_modified`, `date_added`) VALUES (161, 161, 0, 6, NULL, NOW());
INSERT INTO `zones_to_geo_zones` (`association_id`, `zone_country_id`, `zone_id`, `geo_zone_id`, `last_modified`, `date_added`) VALUES (162, 162, 0, 6, NULL, NOW());
INSERT INTO `zones_to_geo_zones` (`association_id`, `zone_country_id`, `zone_id`, `geo_zone_id`, `last_modified`, `date_added`) VALUES (163, 163, 0, 6, NULL, NOW());
INSERT INTO `zones_to_geo_zones` (`association_id`, `zone_country_id`, `zone_id`, `geo_zone_id`, `last_modified`, `date_added`) VALUES (164, 164, 0, 6, NULL, NOW());
INSERT INTO `zones_to_geo_zones` (`association_id`, `zone_country_id`, `zone_id`, `geo_zone_id`, `last_modified`, `date_added`) VALUES (165, 165, 0, 6, NULL, NOW());
INSERT INTO `zones_to_geo_zones` (`association_id`, `zone_country_id`, `zone_id`, `geo_zone_id`, `last_modified`, `date_added`) VALUES (166, 166, 0, 6, NULL, NOW());
INSERT INTO `zones_to_geo_zones` (`association_id`, `zone_country_id`, `zone_id`, `geo_zone_id`, `last_modified`, `date_added`) VALUES (167, 167, 0, 6, NULL, NOW());
INSERT INTO `zones_to_geo_zones` (`association_id`, `zone_country_id`, `zone_id`, `geo_zone_id`, `last_modified`, `date_added`) VALUES (168, 168, 0, 6, NULL, NOW());
INSERT INTO `zones_to_geo_zones` (`association_id`, `zone_country_id`, `zone_id`, `geo_zone_id`, `last_modified`, `date_added`) VALUES (169, 169, 0, 6, NULL, NOW());
INSERT INTO `zones_to_geo_zones` (`association_id`, `zone_country_id`, `zone_id`, `geo_zone_id`, `last_modified`, `date_added`) VALUES (172, 172, 0, 6, NULL, NOW());
INSERT INTO `zones_to_geo_zones` (`association_id`, `zone_country_id`, `zone_id`, `geo_zone_id`, `last_modified`, `date_added`) VALUES (173, 173, 0, 6, NULL, NOW());
INSERT INTO `zones_to_geo_zones` (`association_id`, `zone_country_id`, `zone_id`, `geo_zone_id`, `last_modified`, `date_added`) VALUES (174, 174, 0, 6, NULL, NOW());
INSERT INTO `zones_to_geo_zones` (`association_id`, `zone_country_id`, `zone_id`, `geo_zone_id`, `last_modified`, `date_added`) VALUES (176, 176, 0, 6, NULL, NOW());
INSERT INTO `zones_to_geo_zones` (`association_id`, `zone_country_id`, `zone_id`, `geo_zone_id`, `last_modified`, `date_added`) VALUES (177, 177, 0, 6, NULL, NOW());
INSERT INTO `zones_to_geo_zones` (`association_id`, `zone_country_id`, `zone_id`, `geo_zone_id`, `last_modified`, `date_added`) VALUES (178, 178, 0, 6, NULL, NOW());
INSERT INTO `zones_to_geo_zones` (`association_id`, `zone_country_id`, `zone_id`, `geo_zone_id`, `last_modified`, `date_added`) VALUES (179, 179, 0, 6, NULL, NOW());
INSERT INTO `zones_to_geo_zones` (`association_id`, `zone_country_id`, `zone_id`, `geo_zone_id`, `last_modified`, `date_added`) VALUES (180, 180, 0, 6, NULL, NOW());
INSERT INTO `zones_to_geo_zones` (`association_id`, `zone_country_id`, `zone_id`, `geo_zone_id`, `last_modified`, `date_added`) VALUES (181, 181, 0, 6, NULL, NOW());
INSERT INTO `zones_to_geo_zones` (`association_id`, `zone_country_id`, `zone_id`, `geo_zone_id`, `last_modified`, `date_added`) VALUES (182, 182, 0, 6, NULL, NOW());
INSERT INTO `zones_to_geo_zones` (`association_id`, `zone_country_id`, `zone_id`, `geo_zone_id`, `last_modified`, `date_added`) VALUES (183, 183, 0, 6, NULL, NOW());
INSERT INTO `zones_to_geo_zones` (`association_id`, `zone_country_id`, `zone_id`, `geo_zone_id`, `last_modified`, `date_added`) VALUES (184, 184, 0, 6, NULL, NOW());
INSERT INTO `zones_to_geo_zones` (`association_id`, `zone_country_id`, `zone_id`, `geo_zone_id`, `last_modified`, `date_added`) VALUES (185, 185, 0, 6, NULL, NOW());
INSERT INTO `zones_to_geo_zones` (`association_id`, `zone_country_id`, `zone_id`, `geo_zone_id`, `last_modified`, `date_added`) VALUES (186, 186, 0, 6, NULL, NOW());
INSERT INTO `zones_to_geo_zones` (`association_id`, `zone_country_id`, `zone_id`, `geo_zone_id`, `last_modified`, `date_added`) VALUES (187, 187, 0, 6, NULL, NOW());
INSERT INTO `zones_to_geo_zones` (`association_id`, `zone_country_id`, `zone_id`, `geo_zone_id`, `last_modified`, `date_added`) VALUES (188, 188, 0, 6, NULL, NOW());
INSERT INTO `zones_to_geo_zones` (`association_id`, `zone_country_id`, `zone_id`, `geo_zone_id`, `last_modified`, `date_added`) VALUES (191, 191, 0, 6, NULL, NOW());
INSERT INTO `zones_to_geo_zones` (`association_id`, `zone_country_id`, `zone_id`, `geo_zone_id`, `last_modified`, `date_added`) VALUES (192, 192, 0, 6, NULL, NOW());
INSERT INTO `zones_to_geo_zones` (`association_id`, `zone_country_id`, `zone_id`, `geo_zone_id`, `last_modified`, `date_added`) VALUES (193, 193, 0, 6, NULL, NOW());
INSERT INTO `zones_to_geo_zones` (`association_id`, `zone_country_id`, `zone_id`, `geo_zone_id`, `last_modified`, `date_added`) VALUES (194, 194, 0, 6, NULL, NOW());
INSERT INTO `zones_to_geo_zones` (`association_id`, `zone_country_id`, `zone_id`, `geo_zone_id`, `last_modified`, `date_added`) VALUES (196, 196, 0, 6, NULL, NOW());
INSERT INTO `zones_to_geo_zones` (`association_id`, `zone_country_id`, `zone_id`, `geo_zone_id`, `last_modified`, `date_added`) VALUES (197, 197, 0, 6, NULL, NOW());
INSERT INTO `zones_to_geo_zones` (`association_id`, `zone_country_id`, `zone_id`, `geo_zone_id`, `last_modified`, `date_added`) VALUES (198, 198, 0, 6, NULL, NOW());
INSERT INTO `zones_to_geo_zones` (`association_id`, `zone_country_id`, `zone_id`, `geo_zone_id`, `last_modified`, `date_added`) VALUES (199, 199, 0, 6, NULL, NOW());
INSERT INTO `zones_to_geo_zones` (`association_id`, `zone_country_id`, `zone_id`, `geo_zone_id`, `last_modified`, `date_added`) VALUES (200, 200, 0, 6, NULL, NOW());
INSERT INTO `zones_to_geo_zones` (`association_id`, `zone_country_id`, `zone_id`, `geo_zone_id`, `last_modified`, `date_added`) VALUES (201, 201, 0, 6, NULL, NOW());
INSERT INTO `zones_to_geo_zones` (`association_id`, `zone_country_id`, `zone_id`, `geo_zone_id`, `last_modified`, `date_added`) VALUES (202, 202, 0, 6, NULL, NOW());
INSERT INTO `zones_to_geo_zones` (`association_id`, `zone_country_id`, `zone_id`, `geo_zone_id`, `last_modified`, `date_added`) VALUES (204, 204, 0, 6, NULL, NOW());
INSERT INTO `zones_to_geo_zones` (`association_id`, `zone_country_id`, `zone_id`, `geo_zone_id`, `last_modified`, `date_added`) VALUES (205, 205, 0, 6, NULL, NOW());
INSERT INTO `zones_to_geo_zones` (`association_id`, `zone_country_id`, `zone_id`, `geo_zone_id`, `last_modified`, `date_added`) VALUES (206, 206, 0, 6, NULL, NOW());
INSERT INTO `zones_to_geo_zones` (`association_id`, `zone_country_id`, `zone_id`, `geo_zone_id`, `last_modified`, `date_added`) VALUES (207, 207, 0, 6, NULL, NOW());
INSERT INTO `zones_to_geo_zones` (`association_id`, `zone_country_id`, `zone_id`, `geo_zone_id`, `last_modified`, `date_added`) VALUES (208, 208, 0, 6, NULL, NOW());
INSERT INTO `zones_to_geo_zones` (`association_id`, `zone_country_id`, `zone_id`, `geo_zone_id`, `last_modified`, `date_added`) VALUES (209, 209, 0, 6, NULL, NOW());
INSERT INTO `zones_to_geo_zones` (`association_id`, `zone_country_id`, `zone_id`, `geo_zone_id`, `last_modified`, `date_added`) VALUES (210, 210, 0, 6, NULL, NOW());
INSERT INTO `zones_to_geo_zones` (`association_id`, `zone_country_id`, `zone_id`, `geo_zone_id`, `last_modified`, `date_added`) VALUES (211, 211, 0, 6, NULL, NOW());
INSERT INTO `zones_to_geo_zones` (`association_id`, `zone_country_id`, `zone_id`, `geo_zone_id`, `last_modified`, `date_added`) VALUES (212, 212, 0, 6, NULL, NOW());
INSERT INTO `zones_to_geo_zones` (`association_id`, `zone_country_id`, `zone_id`, `geo_zone_id`, `last_modified`, `date_added`) VALUES (213, 213, 0, 6, NULL, NOW());
INSERT INTO `zones_to_geo_zones` (`association_id`, `zone_country_id`, `zone_id`, `geo_zone_id`, `last_modified`, `date_added`) VALUES (214, 214, 0, 6, NULL, NOW());
INSERT INTO `zones_to_geo_zones` (`association_id`, `zone_country_id`, `zone_id`, `geo_zone_id`, `last_modified`, `date_added`) VALUES (215, 215, 0, 6, NULL, NOW());
INSERT INTO `zones_to_geo_zones` (`association_id`, `zone_country_id`, `zone_id`, `geo_zone_id`, `last_modified`, `date_added`) VALUES (216, 216, 0, 6, NULL, NOW());
INSERT INTO `zones_to_geo_zones` (`association_id`, `zone_country_id`, `zone_id`, `geo_zone_id`, `last_modified`, `date_added`) VALUES (217, 217, 0, 6, NULL, NOW());
INSERT INTO `zones_to_geo_zones` (`association_id`, `zone_country_id`, `zone_id`, `geo_zone_id`, `last_modified`, `date_added`) VALUES (218, 218, 0, 6, NULL, NOW());
INSERT INTO `zones_to_geo_zones` (`association_id`, `zone_country_id`, `zone_id`, `geo_zone_id`, `last_modified`, `date_added`) VALUES (219, 219, 0, 6, NULL, NOW());
INSERT INTO `zones_to_geo_zones` (`association_id`, `zone_country_id`, `zone_id`, `geo_zone_id`, `last_modified`, `date_added`) VALUES (220, 220, 0, 6, NULL, NOW());
INSERT INTO `zones_to_geo_zones` (`association_id`, `zone_country_id`, `zone_id`, `geo_zone_id`, `last_modified`, `date_added`) VALUES (221, 221, 0, 6, NULL, NOW());
INSERT INTO `zones_to_geo_zones` (`association_id`, `zone_country_id`, `zone_id`, `geo_zone_id`, `last_modified`, `date_added`) VALUES (223, 223, 0, 6, NULL, NOW());
INSERT INTO `zones_to_geo_zones` (`association_id`, `zone_country_id`, `zone_id`, `geo_zone_id`, `last_modified`, `date_added`) VALUES (224, 224, 0, 6, NULL, NOW());
INSERT INTO `zones_to_geo_zones` (`association_id`, `zone_country_id`, `zone_id`, `geo_zone_id`, `last_modified`, `date_added`) VALUES (225, 225, 0, 6, NULL, NOW());
INSERT INTO `zones_to_geo_zones` (`association_id`, `zone_country_id`, `zone_id`, `geo_zone_id`, `last_modified`, `date_added`) VALUES (226, 226, 0, 6, NULL, NOW());
INSERT INTO `zones_to_geo_zones` (`association_id`, `zone_country_id`, `zone_id`, `geo_zone_id`, `last_modified`, `date_added`) VALUES (227, 227, 0, 6, NULL, NOW());
INSERT INTO `zones_to_geo_zones` (`association_id`, `zone_country_id`, `zone_id`, `geo_zone_id`, `last_modified`, `date_added`) VALUES (228, 228, 0, 6, NULL, NOW());
INSERT INTO `zones_to_geo_zones` (`association_id`, `zone_country_id`, `zone_id`, `geo_zone_id`, `last_modified`, `date_added`) VALUES (229, 229, 0, 6, NULL, NOW());
INSERT INTO `zones_to_geo_zones` (`association_id`, `zone_country_id`, `zone_id`, `geo_zone_id`, `last_modified`, `date_added`) VALUES (230, 230, 0, 6, NULL, NOW());
INSERT INTO `zones_to_geo_zones` (`association_id`, `zone_country_id`, `zone_id`, `geo_zone_id`, `last_modified`, `date_added`) VALUES (231, 231, 0, 6, NULL, NOW());
INSERT INTO `zones_to_geo_zones` (`association_id`, `zone_country_id`, `zone_id`, `geo_zone_id`, `last_modified`, `date_added`) VALUES (232, 232, 0, 6, NULL, NOW());
INSERT INTO `zones_to_geo_zones` (`association_id`, `zone_country_id`, `zone_id`, `geo_zone_id`, `last_modified`, `date_added`) VALUES (233, 233, 0, 6, NULL, NOW());
INSERT INTO `zones_to_geo_zones` (`association_id`, `zone_country_id`, `zone_id`, `geo_zone_id`, `last_modified`, `date_added`) VALUES (234, 234, 0, 6, NULL, NOW());
INSERT INTO `zones_to_geo_zones` (`association_id`, `zone_country_id`, `zone_id`, `geo_zone_id`, `last_modified`, `date_added`) VALUES (235, 235, 0, 6, NULL, NOW());
#INSERT INTO `zones_to_geo_zones` (`association_id`, `zone_country_id`, `zone_id`, `geo_zone_id`, `last_modified`, `date_added`) VALUES (236, 236, 0, 6, NULL, NOW());
INSERT INTO `zones_to_geo_zones` (`association_id`, `zone_country_id`, `zone_id`, `geo_zone_id`, `last_modified`, `date_added`) VALUES (237, 237, 0, 6, NULL, NOW());
INSERT INTO `zones_to_geo_zones` (`association_id`, `zone_country_id`, `zone_id`, `geo_zone_id`, `last_modified`, `date_added`) VALUES (238, 238, 0, 6, NULL, NOW());
INSERT INTO `zones_to_geo_zones` (`association_id`, `zone_country_id`, `zone_id`, `geo_zone_id`, `last_modified`, `date_added`) VALUES (239, 239, 0, 6, NULL, NOW());
INSERT INTO `zones_to_geo_zones` (`association_id`, `zone_country_id`, `zone_id`, `geo_zone_id`, `last_modified`, `date_added`) VALUES (240, 240, 0, 6, NULL, NOW());
INSERT INTO `zones_to_geo_zones` (`association_id`, `zone_country_id`, `zone_id`, `geo_zone_id`, `last_modified`, `date_added`) VALUES (241, 241, 0, 6, NULL, NOW());
INSERT INTO `zones_to_geo_zones` (`association_id`, `zone_country_id`, `zone_id`, `geo_zone_id`, `last_modified`, `date_added`) VALUES (242, 242, 0, 6, NULL, NOW());

# Keep an empty line at the end of this file for the installer to work properly
